{
    "type": "FeatureCollection",
    "features": [
        {
            "type": "Feature",
            "geometry": {
                "type": "Point",
                "coordinates": [681358.28, 5152284.594]
            },
            "properties": {}
        },
        {
            "type": "Feature",
            "geometry": {
                "type": "Point",
                "coordinates": [680934.966, 5151738.284]
            },
            "properties": {}
        },
        {
            "type": "Feature",
            "geometry": {
                "type": "Point",
                "coordinates": [680790.508, 5151964.553]
            },
            "properties": {}
        }
    ]
}
